name,mfr,type,calories,protein,fat,sodium,fiber,carbo,sugars,potass,vitamins,shelf,weight,cups,rating
Bran Flakes,P,C,90,3,0,210,5,13,5,190,25,3,1,0.67,53.313813
Cap'n'Crunch,Q,C,120,1,2,220,0,12,12,35,25,2,1,0.75,18.042851
Cheerios,G,C,110,6,2,290,2,17,1,105,25,1,1,1.25,50.764999
Corn Flakes,K,C,100,2,0,290,1,21,2,35,25,1,1,1,45.863324
Crispix,K,C,110,2,0,220,1,21,3,30,25,3,1,1,46.895644
Frosted Flakes,K,C,110,1,0,200,1,14,11,25,25,1,1,0.75,31.435973
Fruity Pebbles,P,C,110,1,1,135,0,13,12,25,25,2,1,0.75,28.025765
Quaker Oatmeal,Q,H,100,5,2,0,2.7,-1,-1,110,0,1,1,0.67,50.828392
